Top queries,Clicks,Impressions,CTR,Position
invincible guarding the globe gems,1,4,25%,4.75
invincible guarding the globe codes,1,3,33.33%,3
invincible guarding the globe reward code,1,1,100%,1
invincible guarding the globe code redeem,1,1,100%,3
invincible codes,1,1,100%,5
invincible vs ranked rewards,0,19,0%,7.21
how to get gems in invincible guarding the globe,0,14,0%,7.21
new invincible guarding the globe codes,0,6,0%,4.17
invincible promo code,0,5,0%,7.6
invincible game promo code,0,5,0%,10.8
invincible pvp,0,3,0%,8.67
https://redeem.invincible.ubisoft.barcelona/,0,3,0%,22
invincible guarding the globe code,0,2,0%,6
redeem.invincible.ubisoft.barcelona,0,2,0%,25.5
invincible code,0,2,0%,50
invincible gtg codes,0,2,0%,52
guarding the globe codes,0,1,0%,1
invincible guarding the globe,0,1,0%,3
invincible reward codes,0,1,0%,5
invincible: guarding the globe codes,0,1,0%,5
ranked decay league,0,1,0%,7
invincible event,0,1,0%,12
invincible promo code redeem,0,1,0%,12
redeem.invincible.ubisoft.barcelona.com,0,1,0%,20
how much money has invincible made,0,1,0%,29
invincible redeem,0,1,0%,42
invincible gtg code,0,1,0%,44